المجال الرئيسي,المجال الفرعي,الهدف طويل المدى,المستوى,بند القياس,الهدف,تحليل المهارة,الاختصاص,الجنس,عمر البداية,عمر النهاية,المعيار
,1,"هل يستخدم الطفل كلمات, إشارات أو رموز ليطلب مواد أو أنشطة مرغوبة لديه؟",1,,,"يصدر كلمتين, إشارتين, أو يختار رمزين ويمكن أن يحتاج مصاداة, تقليد حركي أو أي دافع أخر باستثناء الدافع المادي (E )|يصدر أربع طلبات بدون أي دافع (باستثناء ماذا تريد؟), المادة المرغوبة يمكن أن تكون موجودة (E )|يعمم الطفل 6 طلبات من خلال شخصين أو مكانين و مثالين مختلفين من المعززات ( يطلب حلوى من الأم والأب , في الداخل والخارج , في علبة زرقاء وحمراء ) (E )|يصدر الطفل بشكل عفوي (بدون دافع لفظي) 5 طلبات – المادة المرغوبة يمكن أن تكون موجودة (TO:60min )|يصدر الطفل 10 طلبات بدون أي دافع باستثناء""ماذا تريد؟""- المادة المرغوبة يمكن أن تكون موجودة (E )",,,,,
,1,هل يظهر الطفل بشكل متكرر وعفوي طلب يتحكم به من خلال الإجراء التعزيزي؟,2,,,"يطلب الطفل 20 مادة مفقودة بدون إي دافع (باستثناء ماذا تحتاج؟). (مثال : طلب ورقة عندما يعطى قلم ألوان.) (E)|يطلب الطفل من الآخرين إصدار خمسة إجراءات يحتاجها الطفل ليستمتع (""افتح"" لأذهب خارجا, ""ادفع"" عندما يكون جالسا في المرجوحة).(E)|يصدر الطفل 5 طلبات مختلفة تحتوي كلمتين أو أكثر(لا يتم احتساب كلمة""أنا أريد"") (""اذهب سريعا"",""دوري"",""صب عصير"") (TO:60min)|يصدر الطفل بشكل عفوي 15 طلب مختلف (""هيا نلعب"","" افتح"",""أريد كتابا"") (TO:30min)|يصدر الطفل 10 طلبات جديدة بدون أي تدريب ( يقول بشكل عفوي ""أين ذهبت كيتي؟"" بدون أن يتم تدريبه ) (O)",,,,,
,1,"هل يطلب الطفل معلومات , يطلب بأجزاء مختلفة من الكلام,ويعطي اتجاهات للآخرين؟",3,,,"يطلب الطفل تلقائيًا معلومات لفظية مختلفة مستخدمًا أسئلة استفهامية(ماذا, من , أين, متى...الخ) أو كلمة سؤال خمس مرات (ما هو اسمك؟ أين تريديني أن أذهب؟) (TO: 60 min).|يطلب الطفل بأدب إيقاف نشاط غير مرغوب أو إزالة أي إجراء تعزيزي مكروه وذلك في خمسة ظروف مختلفة. (أرجوك توقف عن دفعي. لا شكرًا لك. عفوًا, هل تستطيع أن تبتعد؟). ((E.|يطلب الطفل مستخدمًا 10 صفات مختلفة, حروف جر, أو ظرفي الزمان والمكان. (قلم ألواني مكسور. لا تأخذه مني. اذهب سريعًا.) (TO:60 min).|يعطي الطفل اتجاهات, تعليمات أو شروحات لشرح كيف تفعل شيئًا أو كيف تشارك في نشاط 5 مرات. (ضع الصمغ أولًا, ثم ألصقه. اجلس هنا ريثما أحضر الكتاب.). (O).|يطلب الطفل من الآخرين الإ نتباه لسلوكيات المحادثة الصادرة منه 5 مرات (استمع لي, أنا سوف أخبرك, هذا ما حدث, أنا سأروي القصة) (O).",,,,,
,2,"هل يسمي الطفل الأشخاص , الأشياء, أجزاء الجسم أو الصور؟",1,,,"يسمي مادتين مع دافع المصادأة أو التقليد( شخصين, 2حيوان أليف, 2مادة مرغوبة) (T)|يسمي أي أربعة مواد بدون دافع مصاداة أو تقليد (T )|يسمي 6 مواد غير معززة ( حذاء, قبعة, ملعقة, كوب, سرير).(T )|يسمي عفويا مادتين مختلفتين (بدون دافع لفظي).(TO:60min )|يسمي 10 مواد ( مواد شائعة, أشخاص, أجزاء الجسم, صور.......الخ) (T )",,,,,
,2,هل يسمي الطفل أسماء وأفعالا؟,2,,,"يسمي الطفل 25 مادة عندما يُسأل "" ما هذا؟""(كتاب,سيارة, كلب, قبعة...الخ) (T)|يعمم الطفل التسمية خلال 3 أمثلة من خمسين مادة تم اختبارها او من قائمة التعميم المعروفة ( يسمي ثلاثة سيارات مختلفة) ( T)|يسمي الطفل 10 إجراءات عندما يُسأل "" ماذا افعل؟""( تقفز,تنام, تأكل...الخ).(T)|يسمي 50 مادة تتكون من مقطعين (فعل-اسم, اسم-فعل ) من خلال الاختبار أو من قائمة معروفة للتسمية المركبة ( ""اغسل وجهك"",""الطفل ينام"","" جو يتأرجح"") (T)|يسمي الطفل 200 اسم و/ أو فعل من خلال الاختبار أو من خلال قائم معروفة للتسمية (T)",,,,,
,2,هل يصدر الطفل مجموعة واسعة من التسميات التي تحتوي أجزاء مختلفة من الكلام؟,3,,,"يسمي الطفل الألوان, الأشكال والوظائف لخمس أشياء (15 محاولة) عندما يتم عرض الشيء والسؤال بترتيب مختلط (ما لون الثلاجة؟ ما هو شكل البطاقة؟ ماذا تفعل بالكرة؟) (هذه المهارة جزء تسمية وجزء محادثة). (T)|يسمي الطفل 4 حروف جر (في, على, إلى, من) و 4 ضمائر (أنا, أنت, لي). (E).|إذا سمى الطفل 4 صفات مختلفة بإستثاء الألوان والأشكال (كبير, صغير, طويل, قصير) و 4 ظرف حال (سريع, بطيء... الخ). (E).|يسمي الطفل جملة كاملة تحتوي 4 كلمات أو أكثر, عشرين مرة. (E).|يسمي الطفل جملة كاملة تحتوي 4 كلمات أو أكثر, عشرين مرة. (E).",,,,,
,3,هل ينتبه الطفل ويستجيب لكلمات الآخرين؟,1,,,"ينتبه لصوت المتحدث عن طريق صنع اتصال بصري مع المتحدث خمس مرات (TO:30min )|يستجيب لسماع اسمه خمس مرات (T )|يبحث عن, يلمس, أو يؤشر لأفراد العائلة , الحيوانات الأليفة, أو أي معززات أخرى تكون موجودة في مجموعة من مادتين  وذلك لخمس مواد معززة مختلفة.(أين ماما؟) (E )|يطبق 4 حركات مختلفة حسب الأمر من دون دافع بصري (هل تستطيع أن تقفز؟) (T )|يختار المادة الصحيحة من ضمن مجموعة مكونة من 4 مواد وذلك ل 20 مادة مختلفة أو صورة""ارني القطة"" (T )",,,,,
,3,هل يكتسب الطفل مهارات مستمع متقدمة؟,2,,,"يختار الطفل المادة الصحيحة من مجموعة غير مرتبة مكونة من 6 مواد وذلك لأربعين مادة مختلفة أو صور مختلفة ( جد القطة, المس الكرة) (T)|يستطيع الطفل تعميم تمييز المستمع في مجموعة غير مرتبة تتكون من 8 مواد وذلك لثلاثة أمثلة مختلفة من 50 مادة ( الطفل يستطيع إيجاد 3 أمثلة من القطار) (T)|يطبق الطفل 10 حركات جسدية محددة حسب ما يُطلب منه ( ارني كيف تصفق, هل تستطيع أن تقفز؟).(T)|يتبع الطفل 50 إرشاد من الإرشادات والتعليمات المركبة (اسم-فعل و /او فعل-اسم) ( ارني الطفل النائم,ادفع الأرجوحة) (T)|يختار الطفل المادة الصحيحة في كتاب, مشهد صور, أو بيئة طبيعية ( بعد تسمية المادة من شخص بالغ) وذلك ل 250 مادة ( عن طريق الاختبار أو قائمة تجميعية لكلمات معروفة) (T)",,,,,
,3,هل يفهم الطفل كلمات معقدة تشمل أجزاء مختلفة من الكلام؟,3,,,"يختار الطفل المواد حسب اللون أو الشكل من مجموعة مكونة من 6 مثيرات متشابهة, وذلك لأربعة ألوان مختلفة و 4 أشكال (جد السيارة الحمراء). (T).|يلتزم الطفل باثنين من التعليمات تشمل 6 حروف جر (اجلس على الكرسي) و 4 ضمائر مختلفة (المس أذني). ( T)|إذا اختار الطفل مواد من مجموعة ذات مثيرات متشابهة اعتمادا على أربعة أزواج من الصفات المرتبطة (كبير وصغير, طويل وقصير).ويشرح نشاطات وأحداث اعتمادا على أربعة أزواج من الأحوال المرتبطة (هادئ وضجيج, سريع وبطيء). (T).|يتبع الطفل تعليمات (مكونة من ثلاث خطوات) لعشر مرات (أحضر حاكيتك, علقه, واجلس.).(T).|لدى الطفل ذخيرة مستمع كلية من 1200 كلمة (أسماء, أفعال, أحوال...الخ) من خلال الاختبار أو قائمة تجميعية من الكلمات المعروفة. (T).",,,,,
,4,هل ينتبه الطفل ويستجيب للمؤثرات البصرية ويطابق الأشياء مع صورها ؟,1,,,"يتتبع بصريا مؤثر لمدة ثانيتين خمس مرات(TO:30min )|يمسك أشياء صغيرة بالسبابة والإبهام (مسكه الكماشة) خمس مرات (O )|
ينتبه الطفل بصريا للعبة أو كتاب لمدة 30 ثانية ( باستثناء المواد ذاتية التحفيز) (O )|يضع ثلاثة مواد في وعاء , يجمع ثلاثة مكعبات , او يضع ثلاث حلقات على وتد وذلك لنشاطين مختلفين او متشابهين(E)|يجمع عشرة مواد متطابقة. (E )",,,,,
,4,هل يطابق الطفل مواد متطابقة وغير متطابقة وصور؟,2,,,"يطابق الطفل مواد أو صور متطابقة في مجموعة غير مرتبة تتكون من 6 مواد وذلك ل 25 مادة (T)|يطابق الطفل ألوان وأشكال متطابقة لعشرة نماذج مختلفة في الألوان والأشكال (يُعطى الطفل مجموعة سيارات حمراء ,خضراء وزرقاء ومجموعة دببة حمراء,زرقاء وخضراء ويُطلب من الطفل مطابقة الأشياء حسب اللون) (T)|يطابق الطفل موادا أو صورا متطابقة  في مجموعة غير مرتبة مكونة من 8 مواد تحتوي 3 مثيرات متشابهة, وذلك ل 25 مادة (يطابق كلب مع كلب في مجموعة تحتوي قطط, كلاب وأحصنة) (T)|يطابق الطفل مواد او صور غير متطابقة تماما في مجموعة غير مرتبة تتكون من عشر مواد ل 25 مادة . (يطابق شاحنة فورد مع  شاحنة  تويوتا ) (T)|يطابق الطفل مواد ثلاثية الأبعاد لصور ثنائية الأبعاد أو بالعكس, وذلك في مجموعة غير مرتبة تتكون من 10 مواد تحتوي 3 مثيرات متشابهة, ل 25 مادة  (T)",,,,,
,4,"هل يكمل الطفل تصاميم معقدة , أنماط ومتسلسلات؟",3,,,"يطابق الطفل بشكل عفوي أي جزء من أجزاء أنشطة الفن والأعمال اليدوية لعينة شخص آخر مرتين (عندما يلّون القرين البالون باللون الأحمر, فإن الطفل يلون بالونه بنفس اللون). (O)|يعرض الطفل تطابق غير كامل يمكن تعميمه في مجموعة غير مرتبة مكونة من 10 مواد, وذلك مع ثلاث مثيرات متشابهة لخمسة وعشرين مادة. (يطابق مواد جديدة من أول محاولة). (T).|يكمل الطفل 20 نموذج مختلف من المكعبات, احجيات التركيب, أو المهام المتشابهة مع 8 قطع مختلفة على الأقل .|يرتب الطفل 5 مواد من 5 فئات مختلفة بدون وجود نموذج (حيوانات, ملابس, أثاث). (T).|يكمل الطفل 20 نمط مكون من ثلاث خطوات, متتالية أو مهام متسلسلة (نجمة, مثلث, قلب, نجمة, مثلث, ... الخ). (T).",,,,,
,5,هل يشارك الطفل في سلوك اللعب المستقل المعزز تلقائيا؟,1,,,"يلعب ويستكشف المواد لمدة دقيقة .(TO:30min )|يُظهر الطفل تنوع في التفاعل المستقل خلال اللعب مع 5 مواد مختلفة (اللعب مع الحلقات , ثم كرة, ثم مكعب)(TO:30min )|يظهر على الطفل التعميم من خلال المشاركة في حركة استكشافية واللعب بالعاب في بيئة جديدة لمدة دقيقتين.(TO:30min )|يشارك الطفل بشكل مستقل في لعب حركي لمدة دقيقتين( التأرجح, الرقص, القفز, التسلق)(TO:30min )|يشترك الطفل بشكل مستقل في اللعب السببي لمدة دقيقتين(ملء الوعاء , اللعب بالألعاب التي تفرقع, اللعب التي يتم جرها....الخ)(TO:30min )",,,,,
,5,هل يشارك الطفل بسلوك اللعب المستقل المعزز تلقائيا؟,2,,,"يبحث الطفل عن لعبة مفقودة أو جزء من مجموعة لخمس مواد أو مجموعات ( احجيات التركيب, لعبة بيبي من دون الرضاعة).(E)|يعرض الطفل بشكل مستقل استخدام العاب أو أشياء حسب وظيفتها وذلك لخمسة مواد ( يضع لعبة القطار على سكة الحديد , يمسك التلفون بالقرب من أذنه ) ( O )|يلعب الطفل بألعابه اليومية بشكل مختلف وذكي مرتين (يستخدم وعاء الطعام كطبل, أو صندوق صغير كسيارة) (O)|يشترك الطفل بشكل مستقل بالعاب وأدوات كبيرة في ساحة اللعب لمدة خمس دقائق (يتزحلق على السحسيلة, يتأرجح ....الخ) TO:30min))|الطفل يجمع العاب متعددة الأجزاء لخمس مجموعات من المواد( العاب الليجو, لعبة تتكون من مجموعة من الأشخاص) (O)",,,,,
,5,هل يشترك الطفل عفويا بلعب مستقل يكون فيه المعزز تلقائيا ؟,3,,,"يشارك الطفل بشكل عفوي في التظاهر باللعب أو التخيل في خمس مناسبات (اللبس, يتخيل حفلة مع مجموعة حيوانات , يتظاهر بالطبخ). (O).|يكرر الطفل سلوك لعب حركي ليحصل على تأثير أفضل في نشاطين (يرمي الكرة في السلة, يلوح بالمضرب ليضرب كرة, يدفع المرجوحة). (O).|يشارك الطفل بشكل مستقل في أنشطة فن وأعمال يدوية لخمس دقائق (رسم, تلوين, قص, الإلصاق). (O).|يشارك الطفل بشكل مستقل بأنشطة لعب ببراعة لمدة عشر دقائق بدون أي حث أو تعزيز من البالغين. (اللعب بالرسوم التخطيطية, لعبة التلبيس). (O).|يرسم الطفل ويكتب بشكل مستقل في كتب أنشطة قبل المدرسة لمدة خمس دقائق (وصل نقاط ببعضها, ألعاب توصيل, المتاهات, كتابة الأحرف والأرقان المنقطة). (O).",,,,,
,6,هل ينتبه الطفل للآخرين ويحاول أن يتفاعل معهم؟,1,,,يصنع اتصالا بصريا كنوع من الطلب (TO:30 min )|يشير الطفل إلى انه يريد أن يُحمل أو يلعب بشكل جسدي لمرتين ( يتسلق حضن أمه) (TO:30min )|يصدر الطفل اتصال بصري مع الأطفال الآخرين خمس مرات  (TO:30min )|يشارك الطفل عفويا في لعب متوازي بالقرب من أطفال آخرين لمدة إجمالية دقيقتين( يجلس في ساحة الرمل مع الأطفال الآخرين)TO:30min ))|بشكل عفوي يتبع أقرانه ويقلد سلوكهم الحركي مرتين (يتبع طفلا أخر في غرفة اللعب) (TO:30min ),,,,,
,6,هل يشارك الطفل عفويا في أنشطة مع أطفال آخرين ويتفاعل معهم لفظيا بشكل عفوي ؟,2,,,"ينشئ الطفل تفاعلا بدنيا مع اقرأنه مرتين ( دوران جماعي مع إمساك بالأيدي) (TO:30min)|يطلب الطفل من أقرانه 5 مرات (دوري في اللعب, ادفعني , انظر, تعال إلى هنا ) (TO:60min)|يشارك الطفل في اللعب التفاعلي المستدام مع أقرانه لمدة 3 دقائق بدون أي دافع أو تعزيز من الكبار( يتعاون مع أقرانه في ترتيب مجموعات اللعب , الألعاب المائية الجماعية) (TO:30min)|ستجيب عفويا لطلبات أقرانه 5 مرات (ادفعني على المرجوحة, أعطني القطار) (E)|الطفل يطلب عفويا من أقرانه أن يشاركوا في العاب ولعب تفاعلي مرتين (تعال هنا,هيا نحفر حفرة) (TO:60min)",,,,,
,6,هل يشترك الطفل عفويا في لعب و تفاعل لفظي متبادل مع الأقران؟,3,,,"يتعاون عفويًا مع أقرانه للحصول على نتيجة محددة 5 مرات (أحد الأطفال يحمل دلوًا بينما الآخر يصب به الماء). (E).|يطلب بشكل عفوي من أقرانه بأسئلة (من, ماذا, أين,... الخ) 5 مرات. (أين تذهب؟ ما هذا؟ من أنت؟). (TO:60 min).|يستجيب بالمحادثة لخمسة أسئلة أو جمل من الأقران (يستجيب لفظيًا عند سؤاله ""ماذا تريد أن تلعب؟""). (E).|يشارك الطفل في أنشطة التظاهر باللعب مع أقرانه لمدة خمس دقائق بدون أي دافع من البالغين (يلبس الألعاب, يمثل مقاطع فيديو, يلعب لعبة المنزل). (O).|يشارك الطفل في 4 تبادل لفظي حول موضوع واحد مع أقرانه وذلك لخمسة مواضيع. (الأطفال يمشون ذهابًا وإيابًا يتحدثون حول صنع قلعة في صندوق الرمل). (O).",,,,,
,7,هل يقلد الطفل حركات الآخرين ؟,1,,,"يقلد حركتين واضحتين  عندما يتم حثه لفعل ذلك (مثل التصفيق ورفع الذراعين) (T )|يقلد 4 حركات واضحة عندما يتم حثه لفعل ذلك,""افعل ذلك"" (T )|يقلد 8 حركات , اثنتين منها تشمل أشياء ( يهز آلة موسيقية تصدر صوت, طرق العصي ببعض) (T )|يقلد الطفل سلوكيات حركية للآخرين في خمس مناسبات(O )|يقلد الطفل 20 حركة من أي نوع ( حركات دقيقة, حركات كبيرة, تقليد باستخدام الأشياء) (T )",,,,,
,7,هل يقلد الطفل حركات الآخرين؟,2,,,"يقلد الطفل عشر إجراءات تتطلب اختيار شئ محدد من ضمن مجموعة(اختيار عصا الطبل من مجموعة تحتوي مزمار وجرس ومن ثم تقليد حركة التطبيل بالعصا) (T)|يقلد الطفل 20 حركة دقيقة مختلفة عندما يتم دفعه وحثه من خلال ""افعل ذلك"" .(يثني أصابعه, يجمع كفه بقبضه ,يثني ذراعيه مثل الفراشة) (T)|يقلد الطفل 10 إجراءات تتكون من ثلاث خطوات, عندما يتم حثه ب""افعل ذلك""(صفق, اقفز ثم المس إصبع قدمك أو التقط لعبة,ضعها في السلة ثم هز السلة) (T)|يقلد الطفل عفويا مهارات وظيفية في البيئة الطبيعية( يأكل بالملعقة, يلبس الجاكيت ,يخلع حذاؤه) (O)|يقلد الطفل ( أو يحاول بشكل مقارب) أي نموذج حركي جديد يطبقه الكبار أمام الطفل , مع او بدون مواد مصاحبة.(يعمم ذخيرة التقليد) (T)",,,,,
,8,هل يكرر الطفل مباشرة الأصوات ( مقاطع متحركة أو ساكنة ) بشكل مفرد أو مركب؟,1,,,"يسجل درجة 2 على الأقل في اختبار المصادأة (T)|يسجل درجة 5 على الأقل في اختبار المصادأة (T)|
يسجل الطفل درجة 10 في الاختبار (T)|يسجل الطفل 15 درجة في الاختبار (T)|يسجل الطفل 25 درجة على الأقل في الاختبار( 20 منها على الأقل من المجموعة 1 ) (T)",,,,,
,8,هل يكرر الطفل فورا كلمات محددة أو مقاطع؟,2,,,سجل الطفل 50 نقطة على الأقل في اختبار المصادأة ( على الأقل 20 نقطة من المجموعة الثانية) (T)|يسجل الطفل على الأقل 60 نقطة في اختبار المصادأة (T)|يسجل الطفل 70 نقطة على الأقل في اختبار المصادأة (T)|يسجل الطفل 80 نقطة على الأقل في اختبار المصادأة (T)|يسجل الطفل 90 نقطة على الأقل في اختبار المصادأة (10 منها على الأقل من المجموعة الرابعة والخامسة)(T),,,,,
,9,كم مرة يصدر الطفل اصواتا عفوية وما طبيعة هذه الأصوات ؟,1,,,"يصدر الطفل عفويا 5 أصوات كل ساعة(TO:60min )|يصدر الطفل عفويا 5 أصوات مختلفة , بمعدل مجموع 10 أصوات كل ساعة (TO:60min )|يصدر الطفل عفويا 10 أصوات مختلفة ,بنغمات مختلفة وبمعدل 25 صوت إجمالي كل ساعة (TO:60min )|يصدر الطفل عفويا 5 كلمات كاملة بشكل قريب(O)|يصدر الطفل عفويا 15 كلمة كاملة أو مقطع مع تنغيم وإيقاع (TO:60min )",,,,,
,10,"هل يفهم الطالب كمستمع الكلمات التي تصف الأسماء والأفعال حسب الوظيفة, الخصائص و الفئة؟",2,,,"يختار الطفل 5 أنواع مختلفة من الطعام أو الشراب, عند عرض مجموعة مكونة من 5 مواد ( أربعة منها ليست طعام أو شراب) , ويتم سؤال الطفل شفهيا : أنت تأكل......., وأنت تشرب........(T)|يختار الطفل المادة الصحيحة من ضمن مجموعة تتكون من 8 مواد وذلك ل 25 جملة LRFFC من أي نوع (أنت تجلس على.....).(T)|يختار الطفل المادة الصحيحة من ضمن مجموعة تتكون من 10 مواد (أو من كتاب) ل 25 سؤالLRFFC  (سؤال WHO ).(ماذا تركب؟ ما هو الشئ الذي بنبح؟ من يستطيع أن يرقص؟).(T)|يختار الطفل مادة عن طريق إعطائه ثلاثة جمل لفظية مختلفة عن كل مادة تقدم له بشكل مستقل( جد الحيوان, ما هو الحيوان الذي ينبح؟ ما هو الحيوان الذي له براثن؟) وذلك ل 25 مادة.(T)|يسمي الطفل عفويا 50% من محاولات LRFFC .(O)",,,,,
,10,"هل يفهم الطفل كمستمع كلمات متعددة توصف أسماء وأفعال حسب وظيفتها , خصائصها و فئتها؟",3,,,"يختار الطفل المادة الصحيحة من ضمن مجموعة تتكون من 10 مواد لها ثلاث مثيرات متشابهة (نفس اللون, الشكل, النوع ولكنها تمثل الخيارات الخاطئة)  وذلك ل 25 سؤال (من, ماذا...الخ) من مهام LRFFC. (T).|يختار الطفل مواد من كتاب اعتمادا على اثنين من المكونات اللفظية: إما الخصائص (مثل اللون) أو وظائف (للرسم) أو الفئة (ملابس) ل 25 مهمة LRFFC. (هل ترى حيوان بني اللون؟ هل تستطيع إيجاد ملابس لها أزرار؟). (T).|يختار الطفل مواد من صفحة في كتاب أو من البيئة الطبيعية اعتمادا على ثلاثة مكونات لفظية (فعل, صفة, ضمائر, حروف جر) لخمس وعشرين مهمة LRFFC على شكل سؤال (من, ماذا, أين...الخ). (T).|يختار الطفل المواد الصحيحة من كتاب أو من البيئة الطبيعية بعد إعطائه أربعة أسئلة LRFFC متتابعة حول موضوع واحد( أين تعيش البقرة؟ ماذا تأكل البقرة؟من يحلب البقرة؟)وذلك لخمس وعشرين موضوع مختلف(T)|يعرض الطفل 100 استجابة LRFFC مختلفة (في الاختبار أو من قوائم تجميعية للاستجابات المعروفة). (T)",,,,,
,11,هل يستجيب الطفل لفظيا لمحتوى كلمات الآخرين؟,2,,,"يكمل الطفل 10 عبارات أملئ الفراغ مختلفة من أي نوع ( أكمل الأغاني, العاب تفاعلية لتكملة الجملة, أصوات الحيوانات).(T)|يذكر الطفل اسمه الأول عندما يُسأل عنه|يكمل الطفل 25 عبارة أملئ الفراغ مختلفة ( لا تشمل الأغاني).(أنت تأكل....., أنت تنام في.....).(T)|يجيب الطفل 25 سؤال مختلف يبدأ بماذا (ماذا تحب أن تأكل؟).(T)|يجيب الطفل 25 سؤال مختلف يبدأ بمن أو أين ( من هو صديقك؟ أين لعبتك؟).(T)",,,,,
,11, هل يستجيب الطفل لفظيا لمحتوى كلمات الآخرين؟,3,,,"يصدر الطفل بشكل عفوي 20 تعليق أثناء المحادثة (ممكن أن يكون طلب) (يقول الأب: أنا ذاهب للسيارة. يقول الطفل بشكل عفوي أنا أريد أن أذهب في نزهة). (O).|يظهر الطفل بوضوح 300 استجابة محادثة مختلفة (بالاختبار أو من خلال قائمة تجميعية معروفة للمحادثة). (T).|يجيب الطفل سؤالين بعد قراءة فقرات قصيرة (أكثر من 15 كلمة) من كتاب وذلك لخمس وعشرين فقرة (من فجّر المنزل؟). (T).|يصف الطفل 25 حدث, فيديو, قصة ...الخ ,بثمانية كلمات وأكثر (أخبرني ماذا حدث... الوحش الكبير أخاف الجميع وهربوا من المنزل). (E).|يجيب الطفل أسئلة استفهامية متتابعة حول موضوع واحد. لعشرة مواضيع (ماذا تأخذ للمدرسة؟ من أين تذهب للمدرسة؟ من يأخذك للمدرسة؟). (T).",,,,,
,12, هل يلتزم الطفل بالروتين اليومي في الغرفة الصفية ويشارك في أنشطة المجموعة ويستجيب لتعليمات المدرس؟,2,,,"يجلس مع مجموعة حول طاولة الطعام بدون أي سلوكيات سلبية لثلاث دقائق. (O).|يترك أغراضه الشخصية ثم يصطف مع الأطفال ويأتي إلى الطاولة بدافع لفظي فقط. (O).|الانتقال بين أنشطة الغرفة الصفية بدافع لفظي لمرة واحدة فقط. (O).|يجلس في مجموعة صغيرة لمدة 5 دقائق بدون سلوك مضطرب أو محاولة ترك المجموعة. (O).|يجلس الطفل في مجموعة صغيرة لمدة 10 دقائق, ينتبه للمعلم أو المادة لأكثر من 50% من المدة, ويستجيب لخمسة من المثيرات اللفظية للمعلم. (O).",,,,,
,12,هل يلتزم الطفل بروتين الغرفة الصفية ويتعلم من خلال المجموعات؟,3,,,يستخدم الطفل المرحاض ويغسل يديه مع دافع لفظي واحد.(O).|يستجيب الطفل لخمسة مجموعات من التعليمات أو الأسئلة بدون أي دافع مباشر عند وجوده في مجموعة مكوّنة من ثلاث أطفال أو أكثر. (على الكل الوقوف. من يرتدي تيشيرتًا أحمر؟). (O)|يعمل الطفل بشكل مستقل لخمس دقائق في المجموعة ويبقى في المهمة لما نسبته 50% من الوقت. (O).|يكتب الطفل سلوكين جديدين خلال 15 دقيقة من التعليم الجماعي يشمل 5 أطفال أو أكثر. (T). |يجلس الطفل في حصة مدتها 20 دقيقة تشمل 5 أطفال بدون أي سلوك مزعج ويجيب 5 أسئلة محادثة. (T),,,,,
,13,هل أصبح لفظ الطفل أوضح؟ هل زادت لديه مفردات المستمع والمتحدث وبدأ يصدر مقاطع من 2-3 كلمات وجمل؟,2,,,"يلفظ الطفل 10 تسميات يفهمها الكبار من دون أن يروا هذه المواد التي تمت تسميتها. (O).|لدى الطفل ما مجموعه 100 كلمة من مفردات المستمع. (T).|يصدر الطفل كلام من كلمتين عشر مرات خلال اليوم من أي نوع باستثناء المصادأة. (O).|يصدر الطفل عروض وظيفي (مثل الإيقاع, التشديد, التنغيم) في خمس مناسبات خلال اليوم (يشدّد الطفل على كلمات محددة مثل ""إنّه لي""). (O).|لدى الطفل ما مجموعه 300 كلمة من مفردات المتحدث (كل الإجراءات اللفظية باستثناء المصادأة). (E).",,,,,
,13,"هل يصدر الطفل المزيد من التراكيب اللغوية المعقدة حسب القواعد اللغوية الصحيحة مثل استخدام الجمع , ضمائر الملكية , التشديد,تعديل الأسماء والأفعال؟",3,,,يصدر الطفل تصريف للأسماء بربط 10 مصادر أسماء بإضافات الجمع (كلب مقابل كلاب) و 10 مصادر أسماء مع إضافات المُلكية (أكل القطة مقابل أكل الكلب). (E)|يصدر الطفل تصريف بربط 10 مصادر أفعال بلواحق صيغة الفعل الماضي (لعب ، أكل ) و 10 مصادر أفعال بلواحق صيغة المستقبل (سيلعب). (E).|يصدر الطفل 10 مقاطع اسمية مختلفة تحتوي على الأقل ثلاث كلمات مع اثنين من الكلمات الإضافية المعدّلة (مثل الصفات،حروف الجر ، الضمائر) (أنا أريد آيس كريم بالشوكولاته). (E).|يصدر الطفل عشرة مقاطع فعلية مختلفة تشمل على الأقل ثلاث كلمات مع اثنين من المعدِّلات (أحوال،حروف جر،ضمائر) ، (ادفعني بقوة ، اذهب إلى أعلى الدرجات). (E).|يربط الطفل بين مقاطع اسمية وفعلية لإنتاج 10 جمل صحيحة نحويًّا تشمل على الأقل 5 كلمات (لعق الكلب وجهي). (E).,,,,,
,14,"هل يظهر الطفل اهتماما بالكلمات والكتب, التسمية وتمييز الحروف, القراءة وفهم مجموعة كلمات؟",3,,,"ينتبه الطفل للكتاب عند قراءة قصة له بنسبة 75% من الوقت.(TO:3 min).|يختار الطفل الحرف الكبير من مجموعة تتكون من 5 أحرف لعشرة أحرف مختلفة. (T).|يسمي الطفل 10 أحرف كبيرة حسب ما يطلب منه. (T).|يقرأ الطفل اسمه الخاص. (T).|يطابق الطفل 5 كلمات مع صور أو مواد في مجموعة مكونة من 5 أشياء والعكس صحيح (يطابق كلمة مكتوبة ""طائر"" مع صورة عصفور) (T) .",,,,,
,15,"هل يرسم الطفل, ينسخ الأحرف والأرقام, ويكتب اسمه بشكل مستقل؟",3,,,"يقلد الطفل 5 إجراءات كتابية مختلفة على غرار ما يكتبه شخص بالغ مستخدمًا أدوات كتابة وسطح كتابة.(T).|يتتبع الطفل بشكل مستقل (خلال 1/4 إنش من الخطوط) 5 أشكال هندسية (دائرة, مربع, مثلث, نجمة, ...الخ). (T).|ينسخ 10 حروف أو أرقام بشكل مقروء.|يهجئ بشكل واضح ويكتب اسمه بدون أي نسخ. (T).|ينسخ كل الحروف الأبجدية الكبيرة والصغيرة بشكل مقروء. (T).",,,,,
,16,"هل يعرض الطفل مهارات حسابية ابتدائية تشمل الأرقام, الكميات, العد والقياس؟ لاحظ أن المهارات الهندسية الابتدائية تقَيم في جزء أخر.",3,,,يحدد كمية الأرقام 1-5 في مجموعة مكوَّنة من خمسة أرقام مختلفة. (T)|يسمي الأرقام 1-5. (T)|يعد الطفل من 1-5 مواد من مجموعة أكبر من المواد (أعطيني أربع سيارات ، الآن أعطيني سيارتين).(T)|يحدد الطفل كمستمع 8 مقارنات مختلفة تشمل القياس (أكثر وأقل ، أكبر و أصغر ، طويل ، قصير ، ممتلئ  وفارغ). (T)|يطابق الطفل بشكل صحيح أرقام مكتوبة بصور تمثل كمية الرقم للأرقام 1-5 (يطابق الرقم 3 بصورة فيها ثلاث شاحنات). (T).,,,,,